,Date,coal_generation_(mw),energy_met_(mu),energy_shortage_(mu),generation_outage_central_sector_(mw),generation_outage_state_sector_(mw),hydro_generation_(mu),hydro_generation_(mw),import/export_actual_(mu),import/export_o/d/u/d_(mu),import/export_schedule_(mu),maximum_demand_-_evening_peak_(mw),nuclear_generation_(mw),peak_shortage_(mw),solar_generation_(mu),"thermal_lignite_gas,_naptha_&_diesel_generation_(mw)",wind_generation_(mu)
0,2023-04-01,3216.0,3935.0,3.25,23671.0,31766.0,231.0,231.0,-4.000000000000034,-4.1,0.09999999999999432,167828.0,139.0,23.0,332.67,118.0,145.0
1,2023-04-02,3130.0,3873.0,3.3,23876.0,33202.0,236.0,236.0,-5.599999999999994,-5.6,5.329070518200751e-15,165169.0,135.0,150.0,340.14,115.0,162.0
2,2023-04-03,3292.0,4097.0,5.97,24295.0,33535.0,276.0,276.0,-7.399999999999989,-7.500000000000001,0.0,176363.0,134.0,836.0,331.27,118.0,189.0
3,2023-04-04,3439.0,4181.0,5.44,22745.0,29743.0,291.0,291.0,-8.000000000000005,-8.0,1.687538997430238e-14,179152.0,134.0,298.0,325.96,117.0,132.0
4,2023-04-05,3388.0,4205.0,3.8800000000000003,23765.0,27994.0,322.0,322.0,-4.800000000000011,-4.8000000000000025,2.3092638912203256e-14,178804.0,134.0,235.0,333.69,113.0,177.0
5,2023-04-06,3437.0,4232.0,6.87,22520.0,28700.0,314.0,314.0,-3.2000000000000055,-3.2,-2.842170943040401e-14,181705.0,133.0,244.0,325.76,113.0,184.0
6,2023-04-07,3506.0,4222.0,6.800000000000001,23145.0,29815.0,288.0,288.0,-9.299999999999988,-9.3,0.09999999999999964,179288.0,132.0,353.0,315.28,107.0,183.0
7,2023-04-08,3530.0,4241.0,6.28,23250.0,30995.0,265.0,265.0,-11.499999999999968,-11.5,-0.10000000000000586,181194.0,127.0,451.0,323.15000000000003,110.0,142.0
8,2023-04-09,3458.0,4151.0,7.510000000000001,22750.0,28957.0,258.0,258.0,-5.7000000000000055,-5.799999999999999,0.0,176497.0,134.0,376.0,331.90000000000003,107.0,122.0
9,2023-04-10,3646.0,4347.0,15.33,21545.0,26620.0,279.0,279.0,-6.599999999999992,-6.600000000000001,1.709743457922741e-14,188805.0,135.0,797.0,328.93,108.0,126.0
10,2023-04-11,3754.0,4453.0,12.440000000000001,18655.0,22043.0,317.0,317.0,-5.600000000000011,-5.6,-5.662137425588298e-15,193589.0,135.0,492.0,302.28,106.0,115.0
11,2023-04-12,3823.0,4556.0,7.28,16840.0,24260.0,300.0,300.0,-4.299999999999986,-4.199999999999999,0.10000000000000853,196862.0,134.0,814.0,343.35,104.0,122.0
12,2023-04-13,3850.0,4593.0,13.66,17904.0,23219.0,320.0,320.0,-6.0000000000000115,-5.9,0.10000000000003129,195436.0,134.0,2249.0,329.58,102.0,120.0
13,2023-04-14,3855.0,4594.0,24.849999999999998,21065.0,22975.0,309.0,309.0,-4.099999999999994,-4.300000000000001,2.886579864025407e-15,192457.0,135.0,2062.0,324.64000000000004,95.0,149.0
14,2023-04-15,3813.0,4561.0,22.939999999999998,21391.0,22580.0,331.0,331.0,-0.6999999999999913,-0.6999999999999993,1.9984014443252818e-14,195665.0,135.0,1933.0,316.75999999999993,93.0,152.0
15,2023-04-16,3746.0,4480.0,17.619999999999997,21656.0,21686.0,316.0,316.0,-10.000000000000005,-10.000000000000004,-2.2648549702353193e-14,192942.0,135.0,1314.0,342.71,93.0,128.0
16,2023-04-17,3886.0,4721.0,22.529999999999998,15542.0,19260.0,349.0,349.0,-5.399999999999983,-5.400000000000002,1.687538997430238e-14,204572.0,135.0,1592.0,340.99999999999994,96.0,143.0
17,2023-04-18,3989.0,4836.0,29.15,14232.0,17642.0,358.0,358.0,-2.999999999999986,-2.9999999999999996,-0.09999999999999432,207956.0,134.0,2021.0,332.98,103.0,137.0
18,2023-04-19,3906.0,4792.0,18.94,17390.0,18952.0,369.0,369.0,-2.5999999999999988,-2.6999999999999997,0.09999999999998854,205907.0,134.0,1418.0,316.92,107.0,165.0
19,2023-04-20,3871.0,4753.0,6.01,19656.0,16994.0,402.0,402.0,-6.399999999999973,-6.500000000000002,-5.329070518200751e-15,197695.0,115.0,55.0,322.38,103.0,199.0
20,2023-04-21,3741.0,4578.0,1.6400000000000001,19871.0,18116.0,375.0,375.0,-6.799999999999971,-6.8,-1.2434497875801753e-14,193999.0,110.0,57.0,336.83,103.0,175.0
21,2023-04-22,3635.0,4396.0,4.01,19611.0,26463.0,325.0,325.0,-5.000000000000003,-4.799999999999999,5.329070518200751e-15,184436.0,110.0,884.0,322.14,99.0,165.0
22,2023-04-23,3324.0,4084.0,1.45,19451.0,22587.0,298.0,298.0,-5.399999999999987,-5.299999999999999,-1.1546319456101628e-14,173143.0,111.0,34.0,339.53999999999996,77.0,159.0
23,2023-04-24,3526.0,4247.0,2.53,17811.0,22183.0,316.0,316.0,-4.200000000000003,-4.100000000000001,-0.10000000000000009,183981.0,111.0,144.0,339.30999999999995,94.0,108.0
24,2023-04-25,3636.0,4335.0,2.6799999999999997,18676.0,19945.0,304.0,304.0,-6.299999999999983,-6.300000000000001,-2.886579864025407e-15,187808.0,111.0,294.0,318.73,105.0,127.0
25,2023-04-26,3661.0,4378.0,3.6100000000000003,19687.0,20316.0,316.0,316.0,-5.500000000000014,-5.5,-1.1546319456101628e-14,188873.0,111.0,59.0,296.5199999999999,106.0,157.0
26,2023-04-27,3684.0,4361.0,2.87,17042.0,22330.0,327.0,327.0,-3.299999999999983,-3.2999999999999985,-0.09999999999998543,186312.0,114.0,98.0,277.43,105.0,117.0
27,2023-04-28,3643.0,4342.0,3.44,17301.0,23070.0,332.0,332.0,-4.0000000000000115,-3.9000000000000044,0.10000000000001696,187642.0,127.0,547.0,269.2,113.0,106.0
28,2023-04-29,3537.0,4204.0,4.18,18881.0,24575.0,316.0,316.0,-6.70000000000002,-6.699999999999999,2.886579864025407e-15,178374.0,135.0,361.0,271.70000000000005,109.0,88.0
29,2023-04-30,3185.0,3823.0,6.209999999999999,21851.0,30469.0,299.0,299.0,-3.3,-3.4,5.773159728050814e-15,160867.0,131.0,475.0,273.68,92.0,102.0
30,2023-05-01,2937.0,3605.0,2.0300000000000002,25651.0,33685.0,320.0,320.0,-4.300000000000006,-4.3,2.886579864025407e-15,156090.0,130.0,53.0,289.27,89.0,85.0
31,2023-05-02,2975.0,3708.0,3.7199999999999998,27766.0,35215.0,351.0,351.0,-3.9000000000000115,-3.8000000000000016,0.09999999999999998,168988.0,133.0,297.0,288.76,97.0,100.0
32,2023-05-03,3057.0,3804.0,3.9899999999999998,29241.0,35575.0,345.0,345.0,-5.1999999999999975,-5.200000000000001,1.7041923427996153e-14,168075.0,128.0,256.0,300.30999999999995,94.0,105.0
33,2023-05-04,3126.0,3851.0,4.05,28768.0,32484.0,353.0,353.0,-3.100000000000006,-3.199999999999998,0.10000000000001696,175461.0,125.0,566.0,309.46999999999997,84.0,96.0
34,2023-05-05,3239.0,4003.0,5.1000000000000005,26945.0,31866.0,374.0,374.0,-4.6,-4.700000000000001,-2.6645352591003757e-15,181250.0,121.0,663.0,296.28,93.0,108.0
35,2023-05-06,3326.0,4109.0,5.72,27674.0,28790.0,361.0,364.0,-8.2,-8.2,-0.09999999999999698,182411.0,134.0,801.0,310.34,88.0,121.0
36,2023-05-07,3229.0,3997.0,3.44,28444.0,28429.0,353.0,353.0,-4.600000000000028,-4.5,-0.10000000000000853,176146.0,121.0,606.0,298.68,89.0,148.0
37,2023-05-09,3616.0,4376.0,14.62,22739.0,21020.0,370.0,370.0,-2.9000000000000004,-2.9,-1.4210854715202004e-14,191655.0,116.0,2348.0,337.44,88.0,115.0
38,2023-05-10,3685.0,4406.0,10.030000000000001,20102.0,19765.0,346.0,346.0,-9.1,-9.199999999999996,0.0,194527.0,123.0,512.0,351.2,85.0,103.0
39,2023-05-11,3700.0,4508.0,6.01,18542.0,20105.0,341.0,341.0,-2.3000000000000025,-2.4000000000000004,5.329070518200751e-15,196249.0,125.0,496.0,339.2,88.0,157.0
40,2023-05-12,3687.0,4581.0,6.6,20174.0,21015.0,348.0,348.0,-4.899999999999977,-4.800000000000001,5.329070518200751e-15,200207.0,124.0,469.0,336.10999999999996,88.0,249.0
41,2023-05-13,3650.0,4619.0,4.300000000000001,20491.0,24143.0,359.0,359.0,-4.6,-4.7,8.881784197001252e-15,199063.0,124.0,600.0,325.41,89.0,355.0
42,2023-05-14,3418.0,4432.0,2.91,20341.0,24649.0,347.0,347.0,-7.8000000000000025,-7.8,-0.09999999999998899,188295.0,124.0,13.0,331.69,88.0,380.0
43,2023-05-15,3524.0,4595.0,3.7399999999999993,21174.0,21652.0,371.0,371.0,-7.300000000000006,-7.199999999999999,0.0,200417.0,125.0,413.0,331.09999999999997,87.0,418.0
44,2023-05-16,3676.0,4669.0,15.23,20320.0,23772.0,384.0,381.0,-4.4999999999999885,-4.399999999999999,-0.09999999999996878,203267.0,125.0,314.0,338.7300000000001,90.0,327.0
45,2023-05-17,3800.0,4777.0,25.23,18171.0,22212.0,414.0,414.0,-6.60000000000002,-6.500000000000002,2.6645352591003757e-15,199635.0,121.0,1777.0,342.98,89.0,263.0
46,2023-05-18,3636.0,4585.0,21.84,16434.0,22285.0,424.0,424.0,-5.199999999999986,-5.200000000000001,0.10000000000003118,201505.0,116.0,2838.0,338.6,94.0,208.0
47,2023-05-19,3864.0,4754.0,12.9,15354.0,22345.0,415.0,415.0,-4.200000000000026,-4.000000000000001,0.10000000000000853,200832.0,115.0,652.0,330.67,93.0,189.0
48,2023-05-20,3813.0,4787.0,5.260000000000001,14173.0,21765.0,432.0,432.0,-3.8999999999999857,-3.8999999999999986,-0.09999999999997122,204160.0,115.0,448.0,324.39000000000004,88.0,249.0
49,2023-05-21,3695.0,4602.0,4.67,15658.0,24574.0,404.0,404.0,-7.3000000000000025,-7.300000000000003,-0.10000000000000009,194011.0,110.0,245.0,324.18,85.0,267.0
50,2023-05-22,3778.0,4734.0,15.870000000000001,14486.0,23780.0,424.0,424.0,7.100000000000006,7.100000000000004,0.09999999999999432,204558.0,113.0,766.0,335.44,85.0,239.0
51,2023-05-23,3827.0,4800.0,8.56,14494.0,23666.0,451.0,451.0,-8.79999999999996,-8.8,0.0,199320.0,113.0,211.0,330.26,77.0,251.0
52,2023-05-24,3496.0,4589.0,3.59,20707.0,25275.0,447.0,447.0,-4.0000000000000115,-4.000000000000002,0.10000000000001141,197709.0,112.0,90.0,327.42,74.0,350.0
53,2023-05-25,3321.0,4448.0,6.380000000000001,20802.0,25933.0,432.0,432.0,-4.200000000000001,-4.1,2.6645352591003757e-15,185001.0,114.0,83.0,326.11000000000007,79.0,442.0
54,2023-05-26,3118.0,4294.0,1.92,24943.0,30652.0,464.0,464.0,-4.599999999999997,-4.599999999999998,0.09999999999998588,188380.0,114.0,171.0,327.96,77.0,454.0
55,2023-05-27,3165.0,4296.0,6.5,26808.0,32894.0,470.0,470.0,-4.300000000000006,-4.1999999999999975,-1.687538997430238e-14,190373.0,114.0,679.0,317.69,81.0,371.0
56,2023-05-28,3277.0,4218.0,11.66,26278.0,30332.0,433.0,433.0,-4.500000000000003,-4.399999999999999,-3.1308289294429414e-14,178666.0,114.0,455.0,273.71,80.0,284.0
57,2023-05-29,3566.0,4357.0,22.89,22331.0,26317.0,445.0,445.0,-9.099999999999984,-9.1,-2.6645352591003757e-15,189329.0,114.0,2341.0,303.17,80.0,135.0
58,2023-05-31,3572.0,4441.0,8.71,20730.0,24938.0,432.0,432.0,-5.300000000000015,-5.5,0.1999999999999993,192599.0,112.0,238.0,332.61,78.0,173.0
59,2023-06-01,3522.0,4458.0,9.05,22400.0,27605.0,434.0,434.0,-0.79999999999999,-0.7999999999999972,-1.0658141036401503e-14,195121.0,111.0,685.0,294.00000000000006,72.0,314.0
60,2023-06-02,3568.0,4559.0,16.64,20950.0,28365.0,452.0,452.0,-5.700000000000003,-5.599999999999996,-1.4210854715202004e-14,198992.0,112.0,1153.0,317.1000000000001,79.0,318.0
61,2023-06-03,3714.0,4662.0,10.959999999999999,19686.0,27265.0,449.0,449.0,-4.300000000000008,-4.3000000000000025,3.552713678800501e-15,198950.0,113.0,532.0,322.95,83.0,281.0
62,2023-06-04,3427.0,4335.0,3.8600000000000003,19906.0,28625.0,388.0,388.0,-2.2999999999999936,-2.400000000000002,-1.0658141036401503e-14,182336.0,112.0,37.0,285.74,82.0,319.0
63,2023-06-05,3646.0,4623.0,6.67,15935.0,27320.0,396.0,396.0,-5.7000000000000135,-5.599999999999999,-0.09999999999999432,201286.0,108.0,372.0,328.81000000000006,92.0,323.0
64,2023-06-06,3682.0,4715.0,7.72,14433.0,23240.0,419.0,419.0,-6.999999999999979,-6.999999999999999,-0.09999999999999432,200289.0,108.0,181.0,313.46000000000004,92.0,349.0
65,2023-06-07,3746.0,4757.0,7.13,15256.0,21949.0,400.0,400.0,-5.499999999999989,-5.600000000000005,-0.10000000000000497,203065.0,108.0,702.0,320.2200000000001,91.0,339.0
66,2023-06-09,3780.0,4914.0,10.65,17077.0,22003.0,406.0,406.0,-5.999999999999986,-5.899999999999999,-7.105427357601002e-15,206367.0,106.0,189.0,331.59000000000003,99.0,410.0
67,2023-06-10,3714.0,4849.0,8.57,19185.0,25207.0,428.0,432.0,-3.8000000000000007,-3.7000000000000037,3.552713678800501e-15,199892.0,106.0,603.0,326.90999999999997,100.0,439.0
68,2023-06-11,3505.0,4615.0,3.04,20075.0,25492.0,460.0,460.0,-2.2000000000000197,-2.1999999999999993,-9.769962616701378e-15,193285.0,106.0,158.0,321.35999999999996,96.0,408.0
69,2023-06-12,3592.0,4817.0,7.52,15838.0,24477.0,484.0,484.0,-4.900000000000015,-5.000000000000002,-0.0999999999999659,206443.0,107.0,385.0,326.43000000000006,99.0,450.0
70,2023-06-13,3571.0,4913.0,5.96,17287.0,25189.0,510.0,510.0,-3.8999999999999715,-3.8,3.697042672001771e-14,204767.0,107.0,412.0,323.33,97.0,503.0
71,2023-06-14,3478.0,4852.0,10.900000000000002,20720.0,26835.0,543.0,543.0,-6.700000000000017,-6.600000000000001,2.886579864025407e-15,203850.0,108.0,599.0,324.19,96.0,532.0
72,2023-06-15,3530.0,4789.0,19.210000000000004,20877.0,24987.0,574.0,574.0,-5.599999999999984,-5.500000000000003,5.329070518200751e-15,204483.0,110.0,1457.0,311.9,94.0,415.0
73,2023-06-16,3626.0,4844.0,19.62,22029.0,24011.0,555.0,555.0,-3.0999999999999908,-3.000000000000001,-0.10000000000001918,204407.0,108.0,463.0,272.06,98.0,398.0
74,2023-06-17,3632.0,4850.0,14.680000000000001,21503.0,23909.0,563.0,563.0,-3.1000000000000014,-3.0000000000000004,-3.907985046680551e-14,203698.0,109.0,67.0,227.89000000000001,97.0,423.0
75,2023-06-18,3418.0,4607.0,3.78,20124.0,22059.0,553.0,553.0,-2.500000000000039,-2.5999999999999885,0.10000000000000142,192573.0,111.0,12.0,259.7,99.0,383.0
76,2023-06-19,3560.0,4722.0,3.14,20074.0,22227.0,569.0,569.0,-4.800000000000008,-4.699999999999999,-7.105427357601002e-15,203192.0,112.0,181.0,299.01,105.0,304.0
77,2023-06-20,3563.0,4790.0,5.36,18519.0,21997.0,600.0,600.0,-2.2000000000000117,-2.1000000000000023,0.0,203731.0,112.0,89.0,299.96999999999997,105.0,311.0
78,2023-06-21,3618.0,4835.0,2.51,17564.0,20556.0,609.0,609.0,-4.30000000000004,-4.299999999999998,0.09999999999998366,206215.0,115.0,96.0,294.69000000000005,105.0,292.0
79,2023-06-22,3615.0,4867.0,6.459999999999999,16798.0,20741.0,612.0,612.0,-4.799999999999965,-4.9,0.10000000000001741,211250.0,124.0,335.0,297.25,110.0,304.0
80,2023-06-24,3525.0,4757.0,2.58,16696.0,22404.0,589.0,589.0,-9.89999999999996,-9.7,-2.275957200481571e-14,200990.0,126.0,209.0,272.16999999999996,102.0,353.0
81,2023-06-25,3214.0,4272.0,2.02,20437.0,27331.0,560.0,560.0,-6.399999999999981,-6.400000000000004,-0.1000000000000032,183795.0,127.0,13.0,262.03,98.0,271.0
82,2023-06-27,3260.0,4403.0,1.87,21247.0,31284.0,598.0,598.0,-3.8000000000000114,-3.800000000000002,-0.10000000000002851,190766.0,124.0,318.0,264.9,97.0,327.0
83,2023-06-28,3269.0,4394.0,1.31,22111.0,30195.0,598.0,598.0,-3.999999999999977,-3.999999999999996,-2.842170943040401e-14,192523.0,122.0,50.0,265.78000000000003,97.0,354.0
84,2023-06-29,3115.0,4356.0,0.91,25056.0,31121.0,621.0,621.0,-5.099999999999971,-5.200000000000003,-1.1546319456101628e-14,188592.0,122.0,20.0,266.10999999999996,98.0,394.0
85,2023-06-30,2993.0,4311.0,1.6099999999999999,27536.0,32409.0,625.0,625.0,-4.100000000000012,-4.200000000000005,-2.842170943040401e-14,192042.0,126.0,13.0,282.59,93.0,419.0
86,2023-07-01,3123.0,4400.0,3.12,28187.0,32894.0,631.0,631.0,-0.800000000000006,-0.8000000000000007,5.773159728050814e-15,193030.0,123.0,123.0,287.81,96.0,378.0
87,2023-07-02,,4357.0,6.7,,,642.0,,,,,190135.0,,885.0,288.21,,326.0
88,2023-07-03,3393.0,4599.0,22.47,23353.0,32133.0,657.0,657.0,-4.000000000000028,-3.900000000000001,-3.4083846855992306e-14,197820.0,122.0,3153.0,296.12,94.0,314.0
89,2023-07-04,3451.0,4687.0,5.81,24341.0,30229.0,652.0,653.0,0.09999999999999432,0.1999999999999984,-0.10000000000001705,200511.0,122.0,343.0,281.65,90.0,365.0
90,2023-07-05,3340.0,4546.0,3.42,24342.0,30962.0,637.0,637.0,-7.6,-7.600000000000001,0.1000000000000032,195337.0,117.0,465.0,267.76,85.0,358.0
91,2023-07-06,3241.0,4388.0,1.94,20928.0,31351.0,619.0,619.0,-6.200000000000008,-6.1,-5.329070518200751e-15,192210.0,116.0,33.0,234.16,82.0,352.0
92,2023-07-07,3268.0,4403.0,2.0,21805.0,28498.0,621.0,621.0,-6.200000000000031,-6.0000000000000036,0.09999999999999998,193582.0,118.0,20.0,229.48,80.0,346.0
93,2023-07-08,2900.0,4236.0,2.15,24661.0,32593.0,623.0,608.0,-6.400000000000015,-6.5,-1.4210854715202004e-14,183530.0,107.0,12.0,230.03,65.0,343.0
94,2023-07-10,3334.0,4274.0,5.89,28233.0,35566.0,428.0,428.0,-7.100000000000014,-6.999999999999999,2.6645352591003757e-15,187419.0,114.0,450.0,258.87000000000006,95.0,309.0
95,2023-07-11,3380.0,4359.0,7.22,28121.0,34614.0,453.0,453.0,-3.9000000000000083,-3.800000000000001,1.687538997430238e-14,192221.0,113.0,801.0,257.94,96.0,331.0
96,2023-07-12,3429.0,4494.0,7.84,26564.0,34149.0,509.0,509.0,-3.100000000000003,-3.1000000000000005,-4.263256414560601e-14,193973.0,115.0,1207.0,284.74000000000007,91.0,330.0
97,2023-07-13,,4575.0,9.379999999999999,,,563.0,,,,,197392.0,,1652.0,295.4,,354.0
98,2023-07-14,3355.0,4615.0,10.75,23554.0,31785.0,611.0,611.0,-7.399999999999963,-7.3,1.687538997430238e-14,202198.0,122.0,1624.0,293.71000000000004,100.0,380.0
99,2023-07-15,3289.0,4597.0,4.46,25672.0,31053.0,620.0,620.0,-6.900000000000051,-6.799999999999991,-5.329070518200751e-15,198698.0,122.0,563.0,290.09,95.0,418.0
100,2023-07-16,3199.0,4388.0,2.77,25388.0,30373.0,589.0,589.0,-6.40000000000002,-6.400000000000002,-0.10000000000001741,191960.0,122.0,286.0,268.40999999999997,94.0,365.0
101,2023-07-17,3372.0,4594.0,4.9799999999999995,24940.0,30383.0,637.0,637.0,-7.500000000000025,-7.399999999999998,-0.20000000000001172,201969.0,122.0,1192.0,257.09,98.0,364.0
102,2023-07-18,3312.0,4609.0,3.0599999999999996,24525.0,29771.0,642.0,642.0,-3.59999999999998,-3.5999999999999988,1.0658141036401503e-14,200442.0,122.0,791.0,239.75000000000003,97.0,442.0
103,2023-07-19,3240.0,4569.0,11.09,27035.0,32211.0,656.0,656.0,-4.299999999999983,-4.300000000000001,-0.10000000000000586,201284.0,124.0,1976.0,219.38,97.0,465.0
104,2023-07-20,3319.0,4643.0,12.05,25140.0,32236.0,674.0,674.0,-4.000000000000023,-3.8999999999999995,3.552713678800501e-14,202670.0,127.0,2297.0,245.23999999999998,93.0,443.0
105,2023-07-21,3374.0,4701.0,12.42,24799.0,32579.0,677.0,677.0,-6.799999999999988,-6.7,-0.10000000000001386,202150.0,127.0,2476.0,237.36,95.0,433.0
106,2023-07-22,3238.0,4560.0,4.54,22969.0,32365.0,661.0,661.0,-7.200000000000003,-7.2,1.709743457922741e-14,198653.0,131.0,174.0,225.57,92.0,434.0
107,2023-07-23,3091.0,4444.0,4.21,23641.0,34604.0,689.0,689.0,-7.7999999999999705,-7.8000000000000025,-1.4210854715202004e-14,195205.0,141.0,815.0,236.67000000000002,87.0,409.0
108,2023-07-24,3284.0,4647.0,10.83,22596.0,33749.0,737.0,737.0,-10.400000000000048,-10.400000000000002,0.09999999999999698,203473.0,139.0,1402.0,224.88,87.0,401.0
109,2023-07-25,3311.0,4598.0,6.67,23981.0,31626.0,715.0,715.0,-6.499999999999991,-6.299999999999999,-0.10000000000003695,202776.0,140.0,1360.0,183.5,92.0,375.0
110,2023-07-26,3153.0,4462.0,1.45,24341.0,33402.0,730.0,730.0,-5.500000000000021,-5.599999999999998,2.708944180085382e-14,199137.0,144.0,227.0,200.83999999999997,91.0,373.0
111,2023-07-27,3075.0,4459.0,3.05,23234.0,33257.0,749.0,749.0,-6.1000000000000325,-6.300000000000001,-0.10000000000000986,199468.0,145.0,443.0,182.42,86.0,448.0
112,2023-07-28,2936.0,4451.0,1.6,23089.0,34372.0,756.0,756.0,-3.40000000000001,-3.399999999999995,-9.769962616701378e-15,195379.0,143.0,341.0,234.61,78.0,497.0
113,2023-07-29,2780.0,4334.0,0.88,26959.0,37120.0,750.0,750.0,-7.300000000000001,-7.300000000000002,0.1000000000000183,191974.0,142.0,154.0,263.93,79.0,540.0
114,2023-07-30,2842.0,4343.0,0.88,27734.0,37891.0,757.0,757.0,-6.100000000000007,-6.199999999999999,0.1000000000000103,194919.0,143.0,151.0,278.44,85.0,467.0
115,2023-07-31,3056.0,4628.0,2.15,22869.0,36720.0,780.0,780.0,0.10000000000000853,0.19999999999999973,3.730349362740526e-14,204144.0,143.0,604.0,280.68,88.0,492.0
116,2023-08-01,3035.0,4699.0,1.65,23416.0,35832.0,759.0,759.0,-0.2000000000000255,-0.10000000000000053,-2.55351295663786e-14,205746.0,143.0,201.0,278.35,93.0,586.0
117,2023-08-02,2961.0,4607.0,1.94,24167.0,37035.0,742.0,742.0,-4.2999999999999945,-4.2,-0.09999999999998865,200298.0,143.0,21.0,251.79,89.0,610.0
118,2023-08-03,3004.0,4607.0,2.42,24834.0,33993.0,776.0,776.0,-2.899999999999997,-2.800000000000001,0.10000000000002274,203404.0,144.0,483.0,246.45,93.0,571.0
119,2023-08-04,3119.0,4658.0,2.95,24770.0,33873.0,796.0,796.0,-3.39999999999998,-3.4000000000000004,-5.329070518200751e-15,203825.0,145.0,375.0,270.97,93.0,457.0
120,2023-08-05,3142.0,4675.0,3.7699999999999996,23620.0,33670.0,790.0,790.0,-5.300000000000049,-8.1,2.9000000000000057,205508.0,149.0,571.0,298.33,90.0,425.0
121,2023-08-06,2951.0,4534.0,0.8400000000000001,28287.0,35467.0,759.0,759.0,-7.299999999999971,-7.2,0.10000000000000586,196664.0,150.0,16.0,295.55,81.0,523.0
122,2023-08-07,3024.0,4687.0,4.869999999999999,28926.0,35438.0,805.0,805.0,-6.200000000000063,-6.200000000000005,2.3092638912203256e-14,208444.0,150.0,1261.0,280.59,94.0,548.0
123,2023-08-08,3189.0,4815.0,30.430000000000003,28777.0,33853.0,828.0,828.0,-7.4,-7.499999999999997,0.09999999999997655,206489.0,148.0,5378.0,271.43,93.0,466.0
124,2023-08-09,3343.0,4862.0,42.18,27993.0,28979.0,821.0,821.0,-6.700000000000022,-6.599999999999998,-0.10000000000001208,204181.0,147.0,7837.0,281.11,84.0,381.0
125,2023-08-10,3406.0,4907.0,57.690000000000005,27501.0,27570.0,816.0,816.0,-31.799999999999958,-31.700000000000003,-0.09999999999998899,205977.0,149.0,8307.0,281.15999999999997,79.0,325.0
126,2023-08-11,3560.0,4978.0,49.32,23695.0,26901.0,814.0,814.0,-4.100000000000012,-4.100000000000001,0.0,207629.0,149.0,5921.0,290.40999999999997,81.0,266.0
127,2023-08-12,3471.0,5002.0,13.299999999999999,24689.0,26151.0,782.0,782.0,-3.099999999999966,-3.200000000000002,-0.09999999999997744,215642.0,150.0,2154.0,296.8,82.0,404.0
128,2023-08-13,3355.0,4896.0,0.8300000000000001,24770.0,26841.0,762.0,762.0,-3.8999999999999666,-3.899999999999998,5.329070518200751e-15,206285.0,150.0,58.0,295.46,79.0,464.0
129,2023-08-14,3503.0,4960.0,13.82,24436.0,30337.0,764.0,764.0,-1.5000000000000178,-1.299999999999999,1.0658141036401503e-14,208061.0,150.0,2543.0,274.65,82.0,385.0
130,2023-08-15,3494.0,4827.0,4.25,25232.0,32009.0,781.0,781.0,-8.499999999999943,-8.5,4.618527782440651e-14,202064.0,150.0,554.0,280.55,80.0,283.0
131,2023-08-16,3614.0,5030.0,37.65,20666.0,28279.0,798.0,798.0,-6.200000000000012,-6.099999999999996,0.09999999999997655,210155.0,150.0,5915.0,305.67,75.0,297.0
132,2023-08-17,3607.0,5122.0,53.959999999999994,20604.0,31618.0,788.0,788.0,-6.5000000000000195,-6.700000000000001,-1.687538997430238e-14,210277.0,150.0,7255.0,296.04999999999995,77.0,419.0
133,2023-08-18,3589.0,5099.0,30.200000000000003,22153.0,31682.0,774.0,774.0,-3.100000000000006,-3.0999999999999996,0.09999999999998277,209866.0,150.0,4208.0,277.55999999999995,78.0,437.0
134,2023-08-19,3510.0,4960.0,28.61,23322.0,31667.0,758.0,758.0,-4.700000000000031,-4.7,2.842170943040401e-14,206601.0,150.0,4402.0,254.33999999999997,77.0,411.0
135,2023-08-20,3550.0,4825.0,21.77,28467.0,29274.0,759.0,759.0,-3.999999999999983,-24.9,20.89999999999997,201829.0,132.0,1704.0,256.88,75.0,325.0
136,2023-08-21,3620.0,4967.0,89.17,25050.0,26600.0,819.0,819.0,-3.5999999999999712,-3.5999999999999974,0.09999999999998366,205981.0,125.0,9109.0,302.49,79.0,237.0
137,2023-08-22,3605.0,5031.0,48.21,22559.0,27067.0,830.0,830.0,-6.000000000000014,-6.599999999999994,0.8000000000000309,206941.0,126.0,2742.0,297.78000000000003,79.0,274.0
138,2023-08-23,3415.0,4898.0,5.56,22106.0,27477.0,757.0,757.0,-11.700000000000006,-11.600000000000001,-2.842170943040401e-14,207404.0,127.0,525.0,284.52000000000004,82.0,413.0
139,2023-08-24,3385.0,4902.0,6.2299999999999995,22506.0,25496.0,745.0,745.0,-5.599999999999994,-5.599999999999995,3.552713678800501e-15,209012.0,126.0,886.0,292.14000000000004,88.0,439.0
140,2023-08-25,3487.0,4940.0,5.49,21942.0,27849.0,762.0,762.0,-4.300000000000001,-4.400000000000003,-0.1000000000000334,209410.0,127.0,606.0,301.43,80.0,391.0
141,2023-08-26,3552.0,4938.0,9.76,21360.0,27141.0,751.0,751.0,-6.000000000000034,-6.0,-0.10000000000000497,209571.0,121.0,1829.0,291.46999999999997,80.0,336.0
142,2023-08-27,3535.0,4872.0,3.74,20862.0,28554.0,717.0,717.0,-6.199999999999999,-6.1000000000000005,1.7763568394002505e-14,206129.0,123.0,419.0,308.58,79.0,376.0
143,2023-08-28,3563.0,5050.0,4.03,19843.0,28508.0,732.0,732.0,-4.4,-4.4,7.105427357601002e-15,215592.0,123.0,567.0,318.75,72.0,447.0
144,2023-08-29,3732.0,5109.0,55.05,19893.0,25734.0,776.0,776.0,-2.6000000000000316,-2.5000000000000027,-0.09999999999999432,212932.0,123.0,8554.0,314.44000000000005,77.0,273.0
145,2023-08-30,3790.0,5073.0,60.21999999999999,20329.0,26710.0,775.0,775.0,-0.39999999999997726,-0.4000000000000048,-3.907985046680551e-14,206052.0,130.0,4008.0,319.09,76.0,147.0
146,2023-08-31,3852.0,5126.0,90.09,18358.0,20818.0,764.0,764.0,-8.800000000000011,-8.900000000000002,1.7763568394002505e-14,212479.0,145.0,7318.0,320.36999999999995,77.0,127.0
147,2023-09-01,3939.0,5218.0,124.28,17303.0,21886.0,759.0,759.0,-8.1,-8.099999999999998,-5.329070518200751e-15,212954.0,131.0,10745.0,321.73,81.0,126.0
148,2023-09-03,3742.0,5026.0,25.77,18907.0,21316.0,671.0,671.0,-5.7,-5.6,-0.10000000000000853,207851.0,129.0,744.0,295.56000000000006,99.0,270.0
149,2023-09-04,3657.0,5028.0,9.97,18084.0,20182.0,656.0,656.0,-18.000000000000018,-17.9,-0.10000000000001696,213992.0,129.0,1482.0,262.70000000000005,100.0,364.0
150,2023-09-05,3726.0,5000.0,13.389999999999999,17947.0,19938.0,641.0,641.0,-5.299999999999983,-5.2,-5.329070518200751e-15,209317.0,132.0,1474.0,253.47999999999996,103.0,296.0
151,2023-09-06,3661.0,4925.0,9.540000000000001,20174.0,20710.0,651.0,651.0,-2.2999999999999887,-2.3000000000000003,1.687538997430238e-14,206533.0,133.0,1404.0,296.83,100.0,308.0
152,2023-09-07,3477.0,4771.0,2.05,21387.0,24379.0,566.0,566.0,-3.8,-3.7999999999999994,-5.329070518200751e-15,199366.0,148.0,17.0,284.33,87.0,425.0
153,2023-09-08,3391.0,4681.0,3.66,19589.0,26579.0,568.0,568.0,-8.199999999999994,-8.3,0.09999999999998899,201458.0,159.0,374.0,269.1700000000001,81.0,441.0
154,2023-09-09,3315.0,4638.0,5.0,19978.0,25609.0,570.0,570.0,-6.099999999999983,-6.000000000000002,0.09999999999999964,199055.0,159.0,331.0,277.41999999999996,82.0,465.0
155,2023-09-10,3138.0,4491.0,2.2800000000000002,18922.0,28661.0,550.0,550.0,-2.699999999999977,-2.5999999999999996,1.1546319456101628e-14,193692.0,160.0,90.0,276.41,80.0,501.0
156,2023-09-11,3384.0,4720.0,0.95,19358.0,26078.0,570.0,570.0,-9.099999999999955,-9.100000000000001,2.6645352591003757e-15,205802.0,160.0,93.0,284.78999999999996,83.0,468.0
157,2023-09-12,3538.0,4856.0,6.14,19948.0,27095.0,600.0,600.0,-7.599999999999966,-7.499999999999998,0.0,208486.0,158.0,1473.0,300.7,84.0,407.0
158,2023-09-13,3673.0,4925.0,15.58,20523.0,24959.0,607.0,607.0,-4.0,-4.000000000000002,1.1546319456101628e-14,207860.0,154.0,1938.0,291.89000000000004,82.0,350.0
159,2023-09-14,3781.0,4929.0,12.260000000000002,18486.0,23987.0,609.0,609.0,-1.1999999999999602,-1.1999999999999995,-3.9745984281580604e-14,208561.0,154.0,2076.0,258.14,86.0,288.0
160,2023-09-15,3659.0,4795.0,8.24,18503.0,25931.0,609.0,609.0,6.1000000000000565,6.1000000000000005,0.0,205023.0,154.0,1061.0,260.26,86.0,277.0
161,2023-09-16,3428.0,4653.0,4.27,24276.0,27023.0,589.0,589.0,-5.4999999999999885,-5.600000000000001,3.419486915845482e-14,197161.0,154.0,502.0,270.75,81.0,373.0
162,2023-09-17,3121.0,4285.0,2.13,19768.0,31971.0,543.0,543.0,-8.39999999999996,-8.399999999999997,-0.1000000000000254,183366.0,158.0,10.0,254.44000000000003,73.0,364.0
163,2023-09-18,3209.0,4367.0,2.21,19702.0,34721.0,597.0,597.0,-10.400000000000011,-10.400000000000002,0.10000000000001141,191705.0,160.0,363.0,227.96999999999997,76.0,320.0
164,2023-09-19,3312.0,4453.0,8.9,19662.0,34159.0,613.0,613.0,-4.999999999999983,-5.000000000000002,-0.10000000000002851,194351.0,159.0,1255.0,248.39,76.0,281.0
165,2023-09-20,3482.0,4611.0,9.68,17533.0,31641.0,611.0,611.0,-7.100000000000011,-6.999999999999997,-5.773159728050814e-15,200254.0,158.0,1144.0,277.16,74.0,241.0
166,2023-09-21,3541.0,4637.0,4.49,15651.0,27507.0,623.0,623.0,-2.4999999999999885,-2.600000000000003,-5.329070518200751e-15,199255.0,159.0,627.0,272.15999999999997,81.0,184.0
167,2023-09-22,3497.0,4556.0,2.51,18246.0,28085.0,612.0,612.0,-6.100000000000017,-6.100000000000008,5.1514348342607263e-14,198033.0,158.0,399.0,280.36999999999995,71.0,149.0
168,2023-09-23,3319.0,4402.0,2.2199999999999998,22759.0,28858.0,622.0,622.0,0.30000000000002824,0.29999999999999805,3.375077994860476e-14,191452.0,158.0,331.0,295.71,75.0,189.0
169,2023-09-24,3090.0,4198.0,1.88,20899.0,28828.0,590.0,590.0,-4.799999999999983,-5.099999999999998,-3.375077994860476e-14,183795.0,155.0,58.0,277.74,80.0,233.0
170,2023-09-25,3278.0,4351.0,4.01,22246.0,25773.0,600.0,600.0,-7.599999999999983,-7.700000000000001,-0.09999999999995435,196239.0,155.0,534.0,290.41999999999996,81.0,175.0
171,2023-09-26,3477.0,4518.0,4.2,22606.0,25457.0,591.0,591.0,-4.799999999999949,-4.8,-1.1324274851176597e-14,200778.0,153.0,627.0,287.94,88.0,151.0
172,2023-09-27,3554.0,4586.0,8.34,23796.0,24470.0,581.0,581.0,-4.8,-4.800000000000001,-4.551914400963142e-14,199358.0,155.0,1160.0,279.17,90.0,170.0
173,2023-09-28,3551.0,4573.0,11.55,24646.0,25014.0,546.0,546.0,-5.099999999999985,-5.2,0.09999999999999165,196828.0,159.0,875.0,296.48,87.0,191.0
174,2023-09-29,3577.0,4572.0,13.750000000000002,24146.0,24102.0,511.0,511.0,-3.000000000000023,-3.2,-1.1546319456101628e-14,197854.0,150.0,679.0,297.53000000000003,89.0,204.0
175,2023-09-30,3501.0,4508.0,4.68,22836.0,25781.0,493.0,493.0,-1.0999999999999837,-1.1000000000000014,0.10000000000003428,193656.0,154.0,215.0,296.32,84.0,222.0
176,2023-10-01,3254.0,4316.0,1.3499999999999999,25726.0,26082.0,405.0,518.0,24.30000000000001,-27.5,0.6000000000000227,188048.0,157.0,128.0,284.48,81.0,265.0
177,2023-10-02,3182.0,4244.0,3.48,24776.0,26046.0,484.0,484.0,-10.099999999999955,121.6,-131.6,188838.0,152.0,732.0,290.18,87.0,224.0
178,2023-10-03,3422.0,4427.0,5.840000000000001,24761.0,26684.0,500.0,500.0,-9.399999999999995,91.69999999999999,-100.9,198658.0,149.0,595.0,319.74,89.0,184.0
179,2023-10-04,3525.0,4517.0,11.290000000000001,27266.0,26346.0,493.0,493.0,-7.899999999999989,-7.799999999999999,-0.09999999999997167,199360.0,144.0,2951.0,323.66999999999996,82.0,178.0
180,2023-10-05,3555.0,4558.0,8.23,22804.0,25244.0,489.0,489.0,-5.100000000000012,-4.999999999999999,0.0,200594.0,145.0,1464.0,326.97,82.0,177.0
181,2023-10-06,3623.0,4652.0,23.68,25092.0,24792.0,493.0,493.0,-4.200000000000024,10.500000000000002,-14.599999999999994,201813.0,136.0,2998.0,334.27000000000004,83.0,190.0
182,2023-10-07,3650.0,4663.0,54.75999999999999,28223.0,22975.0,511.0,511.0,330.2,141.29999999999998,188.79999999999998,200110.0,124.0,5807.0,329.5,77.0,145.0
183,2023-10-08,3673.0,4617.0,23.82,24890.0,22295.0,478.0,478.0,1.3999999999999844,1.4999999999999978,-7.105427357601002e-15,193835.0,131.0,1709.0,323.21,71.0,126.0
184,2023-10-09,3737.0,4735.0,49.589999999999996,21253.0,23499.0,483.0,483.0,-3.799999999999983,-3.700000000000002,-0.10000000000000497,200820.0,145.0,6711.0,316.52,67.0,143.0
185,2023-10-10,3751.0,4764.0,45.550000000000004,20503.0,23252.0,476.0,476.0,-8.499999999999995,-8.599999999999998,-0.09999999999997122,202101.0,147.0,5364.0,313.81,72.0,132.0
186,2023-10-11,3817.0,4779.0,32.059999999999995,18333.0,23425.0,484.0,484.0,-5.500000000000037,-5.5,8.881784197001252e-15,203292.0,147.0,3374.0,308.49,73.0,81.0
187,2023-10-12,3817.0,4758.0,14.559999999999999,18561.0,23771.0,471.0,471.0,-9.400000000000011,-9.4,-3.9968028886505635e-14,201555.0,149.0,1942.0,311.01,73.0,88.0
188,2023-10-13,3835.0,4774.0,6.55,17242.0,23071.0,456.0,456.0,-7.100000000000003,-7.200000000000001,-8.881784197001252e-15,203347.0,147.0,1198.0,317.04,81.0,85.0
189,2023-10-14,3755.0,4721.0,7.120000000000001,22376.0,23726.0,430.0,430.0,-5.200000000000017,-5.399999999999998,0.09999999999998366,199572.0,145.0,1260.0,304.79,89.0,104.0
190,2023-10-15,3687.0,4495.0,2.3300000000000005,23942.0,24224.0,409.0,409.0,-4.7999999999999945,-4.8,5.329070518200751e-15,190420.0,150.0,317.0,300.89000000000004,81.0,97.0
191,2023-10-16,3635.0,4415.0,3.6499999999999995,21741.0,24361.0,415.0,415.0,-3.552713678800501e-15,-0.10000000000000142,-0.09999999999999432,188769.0,149.0,420.0,248.36,81.0,115.0
192,2023-10-17,3603.0,4372.0,7.5,22768.0,22601.0,409.0,409.0,2.399999999999989,2.3000000000000007,1.1546319456101628e-14,191755.0,149.0,1227.0,278.52,85.0,99.0
193,2023-10-18,3707.0,4461.0,5.33,21043.0,24231.0,386.0,386.0,-8.199999999999998,-8.2,2.6645352591003757e-15,195223.0,149.0,1342.0,316.34999999999997,85.0,77.0
194,2023-10-19,3788.0,4503.0,3.9699999999999998,21612.0,23788.0,373.0,373.0,-10.200000000000012,-10.199999999999996,-0.10000000000001119,194701.0,150.0,495.0,307.56,85.0,61.0
195,2023-10-21,3728.0,4441.0,0.38,19635.0,24249.0,337.0,337.0,-5.800000000000006,-5.800000000000006,-2.842170943040401e-14,189729.0,150.0,7.0,305.71,95.0,74.0
196,2023-10-22,3607.0,4298.0,0.25,21095.0,22469.0,328.0,328.0,-5.399999999999972,6.600000000000003,-12.000000000000018,182213.0,150.0,0.0,299.91,100.0,77.0
197,2023-10-23,3566.0,4264.0,0.21,21835.0,22558.0,321.0,321.0,-2.7999999999999945,2.7999999999999985,-5.599999999999971,180900.0,146.0,50.0,311.42999999999995,100.0,88.0
198,2023-10-24,3462.0,4142.0,0.17,20838.0,22898.0,314.0,314.0,-0.10000000000000497,-0.20000000000000284,-1.0658141036401503e-14,169891.0,144.0,0.0,313.46,98.0,71.0
199,2023-10-25,3642.0,4313.0,0.52,22099.0,20372.0,319.0,319.0,-3.7999999999999714,-7.500000000000002,3.800000000000006,188073.0,140.0,70.0,314.24999999999994,97.0,70.0
200,2023-10-26,3763.0,4448.0,2.7399999999999998,23963.0,20274.0,328.0,328.0,-5.399999999999989,-5.5,-0.09999999999997744,190901.0,139.0,577.0,318.56,100.0,78.0
201,2023-10-27,3757.0,4439.0,4.63,24801.0,19494.0,313.0,313.0,-6.400000000000023,-6.400000000000001,-2.842170943040401e-14,188246.0,139.0,665.0,316.17,98.0,83.0
202,2023-10-28,3754.0,4396.0,2.48,24541.0,20959.0,327.0,327.0,-2.700000000000034,-2.700000000000002,-0.09999999999999432,187182.0,139.0,378.0,277.0,103.0,72.0
203,2023-10-29,3614.0,4232.0,1.31,23171.0,21549.0,281.0,281.0,-6.9,-3.3000000000000043,-3.8000000000000114,176047.0,139.0,266.0,288.63,101.0,76.0
204,2023-10-30,3686.0,4332.0,4.0,25171.0,19950.0,309.0,309.0,-5.599999999999994,-3.3999999999999986,-2.299999999999983,187766.0,139.0,1057.0,274.06999999999994,103.0,97.0
205,2023-10-31,3743.0,4379.0,1.88,24066.0,19933.0,314.0,314.0,-4.500000000000028,-5.699999999999999,1.0999999999999885,188847.0,139.0,638.0,264.83,101.0,103.0
